time,canny,unique,FILE
0.000000,0,106,0.0.png
1.000000,0,105,1.0.png
2.000000,0,106,2.0.png
3.000000,0,106,3.0.png
4.000000,0,106,4.0.png
5.000000,0,106,5.0.png
6.000000,0,106,6.0.png
7.000000,0,106,7.0.png
8.000000,0,106,8.0.png
9.000000,0,106,9.0.png
